                  epoch,         train/box_loss,         train/cls_loss,         train/dfl_loss,   metrics/precision(B),      metrics/recall(B),       metrics/mAP50(B),    metrics/mAP50-95(B),           val/box_loss,           val/cls_loss,           val/dfl_loss,                 lr/pg0,                 lr/pg1,                 lr/pg2
                      1,                 1.6109,                 1.6387,                 1.8206,                0.69731,                0.50365,                0.57492,                 0.2368,                 2.0455,                 2.1618,                 2.2225,             0.00055535,             0.00055535,             0.00055535
                      2,                 1.5305,                 1.4575,                 1.7597,                0.76444,                0.68006,                0.76771,                0.38704,                 1.6519,                 1.4423,                  1.862,             0.00089104,             0.00089104,             0.00089104
                      3,                 1.4122,                 1.2511,                 1.6641,                0.89611,                0.78286,                0.88012,                0.51086,                 1.4922,                 1.0215,                 1.6736,              0.0010067,              0.0010067,              0.0010067
                      4,                 1.3108,                 1.0858,                 1.5863,                0.88254,                0.80543,                0.88066,                0.50392,                 1.4939,                0.94606,                 1.6593,              0.0006768,              0.0006768,              0.0006768
                      5,                 1.2006,                0.91413,                 1.4991,                0.88854,                 0.8469,                0.91145,                0.55411,                 1.4033,                0.81363,                 1.6072,             0.00034674,             0.00034674,             0.00034674
